fips,n_counties,fast_food_entries_per_participant_per_day,n_participants
01,64,0.5067090417885324,22533
02,8,0.2695184243213193,2941
04,13,0.33999284315866,22627
05,66,0.5033259195622403,16605
06,54,0.3076884268622038,150846
08,44,0.3102281429873777,44366
09,8,0.3337754731531466,17924
10,3,0.35259714345008875,4508
11,1,0.258801531,4985
12,62,0.37956486229245545,74531
13,126,0.488107957112991,66554
15,4,0.36015377211075444,4361
16,30,0.3246529966240094,11862
17,96,0.43904139414575105,95965
18,90,0.5069868232612935,36924
19,92,0.38886115573628777,27439
20,68,0.4370369675607644,21715
21,111,0.5549485388389924,37079
22,59,0.41022581739395436,18195
23,16,0.32967802046484274,7822
24,24,0.37004167189914877,39355
25,14,0.33369628057462947,40078
26,76,0.39697910435999756,65906
27,80,0.3290301216361165,47823
28,70,0.4930865923800735,25032
29,94,0.44054852717054716,30924
30,22,0.3070678072801812,4415
31,60,0.4239503286243727,18931
32,12,0.33153219108799237,8353
33,10,0.3288731646259012,7351
34,20,0.29418849549235576,35844
35,20,0.40536810892435016,7733
36,60,0.287239426075589,77551
37,94,0.4647387925799043,73538
38,22,0.33752927578527603,4727
39,88,0.4354485151895624,93700
40,57,0.5363495108291865,19975
41,29,0.2768095419801524,24940
42,66,0.32137816005355446,75792
44,5,0.368190440202037,4811
45,40,0.4515079428730883,22362
46,30,0.4009329100319299,6389
47,86,0.5021066942231364,41934
48,171,0.43482582155202054,142857
49,21,0.3435653931228321,17528
50,13,0.2514995820580197,4171
51,120,0.3864932732455278,64677
53,37,0.2687643981188877,35134
54,43,0.45624099670978546,9555
55,69,0.3636472318438728,44278
56,16,0.37659311416751917,2346
72,8,0.3168445296928675,687
