Year,high_fructose_corn_syrup_million_bushels,glucose_and_dextrose_million_bushels,starch_million_bushels,cereals_and_foods_million_bushels,us_population_people,high_fructose_corn_syrup_million_bushels_per_capita_bushels,glucose_and_dextrose_million_bushels_per_capita_bushels,starch_million_bushels_per_capita_bushels,cereals_and_foods_million_bushels_per_capita_bushels
1980,165,156,151,54,229176500,0.7199691067801455,0.6806980645921376,0.6588808189321331,0.2356262531280476
1981,183,160,146,53,231402500,0.7908298311383845,0.6914359179351995,0.6309352751158696,0.22903814781603482
1982,214,165,150,60,233550416.66666666,0.916290379843039,0.7064855732434646,0.6422596120395133,0.2569038448158053
1983,265,167,161,70,235616416.66666666,1.1247094058598774,0.7087791350135833,0.6833140163903407,0.2970930506044959
1984,310,167,172,81,237700166.66666666,1.3041639993240786,0.7025657673778101,0.7236006705927145,0.34076543208145277
1985,327,169,190,93,239873166.66666666,1.363220424126917,0.7045389959555015,0.7920852617251201,0.3877048912654535
1986,338,171,214.134,109,242026750,1.3965398452856967,0.7065334720232371,0.8847534415100811,0.4503634412311862
1987,358,173,226.488,113,244219166.66666666,1.4658964113518254,0.7083801093962732,0.9273964983638331,0.4626991465998779
1988,361,182,214.633,117,246490416.66666666,1.4645599812027852,0.7383654198861687,0.8707559624529013,0.474663484212537
1989,368,193,219.291,120,249036000,1.4776980035015017,0.774988355097255,0.8805594371898039,0.48185804462005494
1990,379,200,218.56,124,252269916.66666666,1.5023590803369011,0.7928016255075996,0.8663736163547048,0.4915370078147117
1991,391.818,209.652,224.663,128,255633333.33333334,1.532734385187117,0.8201277871952014,0.8788486112922154,0.5007171730342939
1992,414.786,214.465,217.628,129,259049750,1.601182784387941,0.8278911676232075,0.8401011774765272,0.4979738447923613
1993,440.958,219.178,224.908,139.7,262278583.33333334,1.6812581278875547,0.8356686894310534,0.8575156886300603,0.5326397535953342
1994,458.631,224.491,230.44,150.4,265409416.66666666,1.728013292670789,0.8458290697422505,0.8682434967611361,0.5666716798857614
1995,472.846,227.3,226.2,161,268530500,1.7608651531204091,0.8464587821495138,0.8423624132081831,0.5995594541402187
1996,492.281,232.864,238.288,171.7,271735833.3333333,1.8116160609415395,0.856949917659001,0.8769104798471555,0.6318636666124883
1997,527.9876,236.481,248.0773,182.4,274970916.6666667,1.9201579803439819,0.8600218629182298,0.9021946866501942,0.6633428808076975
1998,544.016,226.2895,242.5406,184.2,278130500,1.9559739043362738,0.8136090791912429,0.8720388450745243,0.6622790380774493
1999,551.9256,229.2984,253.4341,185,281296833.3333333,1.9620754114425984,0.8151474628521118,0.9009489975298929,0.6576682638328077
2000,536.1619,226.6553,249.9715,185,284251750,1.8862219845612207,0.7973752140488142,0.8794017978781133,0.6508315252236794
2001,542.2283,226.5466,248.8191,186,287097750,1.8886539514851648,0.7890922168494877,0.8666703239576068,0.6478629665331755
2002,532.1956,231.0432,258.1719,186.9,289833083.3333333,1.836214119793663,0.7971595145136698,0.8907606303283183,0.6448539202305236
2003,529.8491,238.2676,273.2689,187.4,292501000,1.8114437215599264,0.8145873005562374,0.9342494555574169,0.6406815703194177
2004,525.0683,234.4815,282.0446,189,295201916.6666667,1.7786751045823719,0.7943088671228704,0.95542943346969,0.640239745507524
2005,545.018,245.1197,280.3729,190.2,297971083.3333333,1.8290969509625237,0.8226291533322725,0.9409399625746683,0.6383169731514775
2006,535.3262,259.4079,276.9029,190.422,300913916.6666667,1.7790011373684667,0.8620668092508182,0.9202063602353607,0.6328122079210361
2007,522.7688,255.9626,264.6644,192.4,303804750,1.7207393893610947,0.84252336410145,0.8711661025708123,0.6333014872216448
2008,489.064,245.123,234.094,192.1,306496000,1.5956619335978284,0.7997592138233451,0.7637750574232617,0.6267618500730842
2009,512.125,257.284,250.437,193.663,309004618.3333333,1.6573376888741325,0.8326218597887084,0.8104636149154427,0.626731733151928
2010,521.049,272.357,258.375,197,311178070.75,1.674439971763338,0.8752448376055754,0.830312365448072,0.6330780299691153
2011,511.604,294.359,254.01,203.229,313387836.5,1.6324947570197097,0.9392802327221146,0.8105292242253315,0.6484903890007869
2012,491.487,291.92,249.389,199.42,315549691.5,1.5575581698833636,0.9251157832299767,0.7903319404766397,0.6319765329258767
2013,477.738,307.146,250.547,200.478,317765272.5,1.5034304920780794,0.9665813938179793,0.7884656432996466,0.6308996525100143
2014,478.099,298.069,246.447,201.209,320064428.25,1.493758624206,0.9312781230633367,0.7699918461651166,0.628651553376738
2015,472.258,337.039,237.581,203.1,322350451,1.465045259080466,1.0455670186110582,0.7370270438988776,0.6300596117360481
2016,466.976,371.344,235.346,204.3,324494486.25,1.4390876264080126,1.1443769177449312,0.725269642389802,0.6295946731205821
2017,459.251,371.572,235.795,206.7,326329838.5833333,1.4073215063437212,1.1386393644328463,0.7225664714683642,0.633408213289132
2018,441.419,355.112,230.513,208.5,327935227.4166667,1.346055449660928,1.082872379394615,0.7029223478547356,0.6357962870975276
2019,418.206,356.191,232.241,219.9,330299435.75,1.2661420357875983,1.0783881576764092,0.703122605924706,0.6657595387672411
2020,420.574,364.713,251.77,214.2,332157674.0833333,1.2661878162552533,1.098011662703596,0.7579833905533513,0.6448744578644312
2021,415.397,371.032,246.173,214.4,333530437,1.2454545490251614,1.112438203053714,0.738082563661199,0.6428198935259393
2022,408.907,343.797,219.311,216.8,335996152.25,1.216999055678918,1.0232170746532707,0.6527187842223273,0.6452454843550965
2023,417.755,336.66,223.078,219,339045021.5,1.2321519960734773,0.9929654725810507,0.6579598161125041,0.6459319149743067
2024,407.505,323.897,226.368,222,341387129.0833333,1.1936741759837324,0.948767461941824,0.6630829949794127,0.6502881365097081
2025,395,315,225,223,342589729,1.152982610287187,0.9194671449125669,0.6567622463661191,0.6509243597317537
